شاعر,سده,کتاب,عنوان,تعداد واژه,علت,robustZ,صدک,نمونه متن
خیام,6,ترانه‌های خیام (صادق هدایت),خیام فیلسوف,5564,بلندی نامعمول,68.441,1,فلسفه خیام هیچ وقت تازگی خود را از دست نخواهد داد. چون این ترانه های در ظاهر کوچک ولی پرمغز تمام مسایل مهم و تاریک فلسفی که در ادوار مختلف انسان را سرگردان کرده و افکاری که جبرا به او تحمیل شده و اسراری که برایش لاینحل مانده مطرح می کند. خیام ترجمان این شکنجه های روحی شده: فریاده…
باباافضل کاشانی,6,قصاید,قصیده شماره ۲,514,بلندی نامعمول,33.462,1,گشوده گردد بر تو در حقیقت باز کناره گیر به یکباره از این جهان مجاز که در جهان مجاز آن کسی بود پر سود که بی زیان به سرانجام خود رسد ز آغاز چو کار آن سری‏ات خود نکو طرازیده است تو این سری به تمنای خویشتن مطراز که این جهان فنای است و آن جهان بقا فنا بد است و بقا نیک، پس به نیکی یاز …
ابوسعید ابوالخیر,5,ابیات پراکنده,تکه ۱ - ابیات پراکنده از رباعیات,266,بلندی نامعمول,25.54,1,چون نیست شدی هست ببودی صنما چون خاک شدی پاک شدی لاجرما وای ای مردم داد زعالم برخاست جرم او کند و عذر مرا باید خواست مرغی به سر کوه نشست و برخاست بنگر که از آن کوه چه افزود و چه کاست بی غم دل کیست تا بدان مالم دست بی غم دل زنگیان شوریده مست جز درد دل از نظاره خوبان چیست آنرا که دو…
باباطاهر,5,باباطاهر,قصیده,247,بلندی نامعمول,21.979,1,بتا تا زار چون تو دلبرستم بتن عود و بسینه مجمرستم اگر جز مهر تو اندر دلم بی به هفتاد و دو ملت کافرستم اگر روزی دو صد بارت بوینم همی مشتاق بار دیگرستم فراق لاله رویان سوته دیلم وز ایشان در رگ جان نشترستم منم آن شاخه بر نخل محبت که حسرت سایه و محنت برستم نه کار آخرت کردم نه دنیا یک…
شیخ محمود شبستری,8,گلشن راز,بخش ۳ - سال در ماهیت فکرت,24,کوتاهی نامعمول,21.524,1,نخست از فکر خویشم در تحیر چه چیز است آن که خوانندش تفکر چه بود آغاز فکرت را نشانی سرانجام تفکر را چه خوانی
منوچهری,5,قصاید و قطعات,شماره ۱۰,69,کوتاهی نامعمول,20.702,1,الا وقت صبوحست، نه گرمست و نه سردست نه ابرست و نه خورشید، نه بادست و نه گردست بیار ای بت کشمیر، شراب کهن پیر بده پر و تهی گیر که مان ننگ و نبردست از آن باده که زردست و نزارست ولیکن نه از عشق نزارست و نه از محنت زردست به جان اندر قوتست و به مغز اندر مشکست به چشم اندرنورست و به روی…
سنایی,6,رباعیات,رباعی شماره ۳۵۱,30,واژگان/ساختار دور از مرکز شاعر,20.541,1,باز آن پسر چه زنخ خوش زن کو آن کودک زن فریب مردافکن کو گیرم دل مرده ریگم او برد و برفت آن صبر که بازماند آن از من کو
قاآنی,13,قصاید,قصیده شماره ۲۶۷ - د‌ر مدح خاقان خلد آشیان فتحعلی شاه مغفور و شجاع السلطنه فرماید,568,واژگان/ساختار دور از مرکز شاعر,19.278,1,پدری و پسری سایه و نور یزدان پدری و پسری رحمت و فیض رحمان چه پدر آنکه ببالد ز جلوسش اورنگ چه پسر آنکه بنازد ز وجودش ایوان چه پدر بخت جوان رامش با پیر خرد چه پسر پیر خرد رامش با بخت جوان چه پدر گشته به نه خطه گردون حاکم چه پسر آمده بر هفت ممالک سلطان چه پدر بنده دربار شکوهش قیصر چ…
ملک‌الشعرای بهار,14,رباعیات,شماره ۶۱,26,کوتاهی نامعمول,17.816,1,آماده جنگ باش کاین چرخ حرون با نرم دلی با تو نگردد مقرون جز با جنگ آماده نمی گردد صلح جزبا خون پاکیزه نمی گردد خون
امیرخسرو دهلوی,8,غزلیات,گزیده غزل ۵۵۸,66,واژگان/ساختار دور از مرکز شاعر,15.078,1,امروز باز شکل دگر گشت یار من یادی نکرد از من و از روزگار من صدره فتاده بر ره خویشم بدید وهیچ رحمت نکرد بر دل امیدوار من مردم در انتظار کناری وی و بخت بد ننهاد آرزوی من اندر کنار من ایزد کجات بهر هلاک من آفرید ای آفت دل من وآشوب کار من دشمن بدیدگریه خسرو دلش بسوخت هرگز نگفتیش بس ا…
فرخی سیستانی,5,قصاید,قصیده شماره ۲۸ - در مدح یمین‌الدوله سلطان محمود غزنوی,485,واژگان/ساختار دور از مرکز شاعر,14.908,1,بدین خرمی جهان، بدین تازگی بهار بدین روشنی شراب، بدین نیکویی نگار یکی چون بهشت عدن یکی چون هوای دوست یکی چون گلاب بلخ یکی چون بت بهار زمین از سرشک ابر، هوا از نسیم گل درخت از جمال برگ، سر که ز لاله زار یکی چون پرند سبز، یکی چون عبیر خوش یکی چون عروس خوب، یکی چون رخان یار تذرو عقی…
فروغی بسطامی,13,رباعیات,رباعی شماره ۷,31,کوتاهی نامعمول,14.146,1,تا دل به برم هوای دل بر دارد افسانه عشق دل بر از بر دارد دل رفت ز بر چو رفت دلبر آری دل از دل بر چگونه دل بر دارد
صائب تبریزی,11,تکبیتهای برگزیده,تک‌بیت شماره ۱۲۳۰,20,کوتاهی نامعمول,14.115,1,دست ماگیر ای سبک جولان، که چون نقش قدم خاک بر سر، دست بر دل، خار در پا مانده ایم
فیض کاشانی,11,غزلیات,غزل شماره ۷۶۸,175,واژگان/ساختار دور از مرکز شاعر,13.673,1,ایجان و ای جانان من رحمی بکن بر جان من ای مرهم درمان من رحمی بکن بر جان من هم مرهم و درمان من هم درد بی درمان من هم این من هم آن من رحمی بکن بر جان من جان و جهان جان من آرام جان جان من فاش و نهان جان من رحمی بکن بر جان من ای طاعت و عصیان من ای کفر و ای ایمان من ای سود و ای خسران …
بیدل دهلوی,11,غزلیات,غزل شماره ۲۶۴۲,33,کوتاهی نامعمول,13.158,1,ای امل آواره فرصت را چه رسواکرده ای نوحه کن در یاد امروزی که فردا کرده ای حسن مطلق را مقید تاکجا خواهی شناخت آه از آن یوسف که در چاهش تماشاکرده ای
نظامی,6,خسرو و شیرین,بخش ۹۹ - در چگونگی دیدار کالبد در خواب,46,کوتاهی نامعمول؛ نشانه‌گذاری پرسشی,12.776,1,دگر ره گفت اگر جان هست حاصل نه نقش کالبدها هست باطل؟ چو می بینم بخواب این نقشها چیست نگهدارنده این نقشها کیست؟ جوابش داد کز چندین شهادت خیال مردم را با تست عادت چو گردد خواب را فکرت خریدار در آن عادت شود جانها پدیدار
جامی,9,سلسلهالذهب,بخش ۲۰ - از دفتر سوم سلسله الذهب در حمد ایزد,26,کوتاهی نامعمول,12.375,1,حمد ایزد نه کار توست، ای دل! هر چه کار تو، بار توست، ای دل! پشت طاقت به عاجزی خم ده! و اعترف بالقصور عن حمده!
فروغ فرخزاد,14,تولدی دیگر,بر او ببخشایید,162,واژگان/ساختار دور از مرکز شاعر,11.462,1,بر او ببخشایید بر او که گاه گاه پیوند دردناک وجودش را با آب های راکد و حفره های خالی از یاد می برد و ابلهانه می پندارد که حق زیستن دارد بر او ببخشایید بر خشم بی تفاوت یک تصویر که آرزوی دوردست تحرک در دیدگان کاغذیش آب می شود بر او ببخشایید بر او که در سراسر تابوتش جریان سرخ ماه گذ…
مولوی,7,رباعیات,رباعی شماره ۱۳۸۳,27,کوتاهی نامعمول,11.372,1,آنکو طمع وفا برد بر شکران بر خویش بزد عیب و نزد بر شکران ور شکران نهاد انگشت به عیب در هجر بسی دست گزد بر شکران
سلمان ساوجی,8,قطعات,قطعه شماره ۴۸,27,کوتاهی نامعمول,10.919,1,شها قمری طوق دار تو آمد که تا آستان بوسد و باز گردد اگر هست ره تا چو دولت در آید وگر نیست چون بلا باز گردد
عطار,6,باب بیست و سوم: در خوف عاقبت و سیری نمودن از عمر,شماره ۱۶,28,واژگان/ساختار دور از مرکز شاعر,10.67,1,چون نیست طریقی که به مقصود رسم آن به که به نابودن خود زود رسم چون هر روزی به زندگی میمیرم گر مرگ در آیدم به بهبود رسم
حافظ,8,رباعیات,رباعی شماره ۱,31,واژگان/ساختار دور از مرکز شاعر,10.334,1,جز نقش تو در نظر نیامد ما را جز کوی تو رهگذر نیامد ما را خواب ارچه خوش آمد همه را در عهدت حقا که به چشم در نیامد ما را
عراقی,7,غزلیات,غزل شماره ۲۷۹,139,نشانه‌گذاری پرسشی,10.289,1,ای که از لطف سراسر جانی جان چه باشد؟ که تو صد چندانی تو چه چیزی؟ چه بلایی؟ چه کسی؟ فتنه ای؟ شنقصه ای؟ فتانی؟ حکمت از چیست روان بر همه کس؟ کیقبادی؟ ملکی؟ خاقانی؟ به دمی زنده کنی صد مرده عیسیی؟ آب حیاتی؟ جانی؟ به تماشای تو آید همه کس لاله زاری؟ چمنی؟ بستانی؟ روی در روی تو آرند همه …
احمد شاملو,14,باغ آینه,فقر,60,واژگان/ساختار دور از مرکز شاعر,9.985,1,از رنجی خسته ام که از آن من نیست بر خاکی نشسته ام که از آن من نیست با نامی زیسته ام که از آن من نیست از دردی گریسته ام که از آن من نیست از لذتی جان گرفته ام که از آن من نیست به مرگی جان می سپارم که از آن من نیست. ۱۳۳۸ © سایت رسمی احمد شاملو
